porosity_raw,depth
0.25,100.0
0.25,311.1111111111111
0.25,522.2222222222222
0.25,733.3333333333334
0.25,944.4444444444445
0.25,1155.5555555555557
0.25,1366.6666666666667
0.25,1577.7777777777778
0.25,1788.888888888889
0.25,2000.0
